exporter,psd_export_2024_25,delta_q,delta_q_thousand_tons,delta_q_pct_of_psd_export
Brazil,103143.0,8282489.745251253,8282.489745251254,0.08030103589435303
US,51029.0,-8633398.308674999,-8633.398308674998,-0.16918611590811103
Argentina,7868.0,455127.8455222957,455.1278455222957,0.05784543029007316
