exporter,psd_export_2024_25,delta_q,delta_q_thousand_tons,delta_q_pct_of_psd_export
Brazil,103143.0,1648098.5656311512,1648.0985656311511,0.015978772826378437
US,51029.0,-9713454.443981,-9713.454443981,-0.19035165188385036
Argentina,7868.0,90564.01788051194,90.56401788051194,0.011510424234940511
