sigma,us_pct_change,us_share_new,brazil_share_new
2.0,-0.33962724382286125,0.20372462534874525,0.7551105838729864
3.0,-0.43884569257304334,0.17321061112955138,0.7840471249577279
4.0,-0.5258014468279628,0.14642655720369946,0.8094465323013161
5.0,-0.6012174255340382,0.12316720811697125,0.8315034503330677
6.0,-0.6660347187975894,0.10315601801227277,0.8504801284082502
8.0,-0.7681383879234173,0.07159976959620587,0.8804050236453199
