sigma,us_pct_change,us_share_new,brazil_share_new
2.0,-0.2457629873536181,0.24268606921042815,0.7166080406775347
3.0,-0.3362170505889012,0.21141505949648406,0.7461982226219682
4.0,-0.41857529180933006,0.1831987041773415,0.7728979389195816
5.0,-0.49296509047108367,0.15799372737099732,0.7967481393585006
6.0,-0.5596781587921753,0.13568048189637374,0.817862040041743
8.0,-0.6717427559007667,0.09899378329048286,0.8525768156955923
