eta,total_pct_change_q,us_pct_change_q,us_share_new
0.15,0.015446458090334231,-0.3812672856091841,0.17321061112955138
0.3,0.009244050979685718,-0.3850465416760629,0.17321061112955138
0.5,0.0010330665048681599,-0.3900496658402645,0.17321061112955138
0.8,-0.011158325087818659,-0.3974781351133076,0.17321061112955138
1.0,-0.01920332038194487,-0.40238011860631945,0.17321061112955138
