eta,total_pct_change_q,us_pct_change_q,us_share_new
0.15,-0.06578925855689267,-0.43076590276044946,0.17321061112955138
0.3,-0.0714954730986891,-0.43424281834197787,0.17321061112955138
0.5,-0.07904957881552119,-0.43884569257304334,0.17321061112955138
0.8,-0.09026565908079322,-0.44567988430424305,0.17321061112955138
1.0,-0.09766705475138916,-0.45018970911781375,0.17321061112955138
