eta,total_pct_change_q,us_pct_change_q,us_share_new
0.15,-0.024782801546208242,-0.3718526564225465,0.21141505949648406
0.3,-0.031108868572034914,-0.3759273407122271,0.21141505949648406
0.5,-0.039479836710274864,-0.38131916666396776,0.21141505949648406
0.8,-0.05190087878137088,-0.38931968654178906,0.21141505949648406
1.0,-0.060092209342852726,-0.3945958060982505,0.21141505949648406
