sigma,us_pct_change,us_share_new,brazil_share_new
2.0,-0.2963942304301179,0.24268606921042815,0.7166080406775347
3.0,-0.38131916666396776,0.21141505949648406,0.7461982226219682
4.0,-0.4585272573008122,0.1831987041773415,0.7728979389195816
5.0,-0.5279638020003794,0.15805460752176048,0.7966905315372512
6.0,-0.5830076140441316,0.1379484586022051,0.815715967881452
8.0,-0.6729924028662392,0.1056908364519908,0.8462397314967344
