eta,total_pct_change_q,us_pct_change_q,us_share_new
0.1,0.08448702854355046,-0.40179621463562953,0.1831987041773415
0.3,0.07570743275035,-0.40663904566931647,0.1831987041773415
0.5,0.06699891323585379,-0.4114426709791436,0.1831987041773415
0.8,0.05406814455951531,-0.41857529180933006,0.1831987041773415
1.0,0.04553480851754382,-0.4232822857961084,0.1831987041773415
1.2,0.03707055512870183,-0.42795117374425523,0.1831987041773415
